{
  "name": "MultiTable",
  "description": "A fluid multi-table layout. Each table groups subjects together under a shared parent.",
  "helpEmail": "igoldstein@salesforce.com",
  "helpUrl": "https://github.com/salesforce/refocus-lens-multitable",
  "license": "TBD",
  "version": "1.0.14",
  "releaseNotes": {
    "0.0.2": "Add more fields to the contents of the Sample modal.",
    "0.0.3": "Use handlebars templates; move external libraries to /lib",
    "0.0.4": "Added spacing so that the perspective switcher doesn't block anything.",
    "0.0.5": "Tags are array of strings now, not array of objects",
    "0.0.6": "Fix sample update bug",
    "0.0.7": "Display Invalid as 'Error' instead of 'N/A'",
    "0.0.8": "Better date formats",
    "0.0.9": "Oops... fix date display page header",
    "0.0.10": "Handle show-all checkbox before load",
    "1.0.0": "Aspect modals",
    "1.0.1": "Fix two Uncaught TypeErrors",
    "1.0.2": "Don't use experimental Object.values(...)",
    "1.0.3": "Show messageCode even when status=OK",
    "1.0.4": "ShowAll url parameter",
    "1.0.5": "Split overflowing groups",
    "1.0.6": "Subject add bug fix",
    "1.0.7": "Aspect rank",
    "1.0.8": "Subject sortBy",
    "1.0.9": "Fix showing awesome template before load",
    "1.0.10": "Bug fixes: data undefined error, sample update error, subjectSorter error",
    "1.0.11": "subjectSorter fix",
    "1.0.12": "Realtime changes on parent subjects",
    "1.0.13": "Remove empty groups",
    "1.0.14": "Global showAll"
  }
}